First Name,Last Name,Zip Code,CCN,Expiration Date
Mckayla,Schiller,99135,62197233096808,05/40
Lowell,Beahan,30103,2290449830641142,12/62
Celestino,Friesen,61135,6011531243247095826,05/70
Naomie,Hackett,76982,5139276547525377,10/29
Casimir,Stamm,78773,4073781636245879,11/66
Michelle,Smith,79214,376080469982258,02/74
Calista,Kessler,62271,3002999377144932231,08/02
Eryn,Beatty,80818,62369920341488,10/22
Dallas,Erdman,45805,358936364070687455,02/14
Sid,Little,32435,59433536522799341,04/81
Graham,Robel,11895,3589455303539208,03/49
Dax,Brown,47266,627051750308211,12/13
Lori,Murray,80909,56605923550643,08/22
Cory,Huels,46257,6062820848014398,11/17
Jazlyn,Trantow,79322,500000687048038,02/67
Breana,Kirlin,11637,50000011319034,02/58
Filomena,Schuppe,28815,6363680213297853,04/86
Marilou,Lakin,54383,2700069256340278,08/55
Elisabeth,Von,45538,36897117276219,12/23
Ludie,Waters,64684,62036270532513964,04/44
Devante,Schroeder,17764,6282292329945363,05/70
Nyasia,Harris,16452,6370951433664557,07/67
Chance,Russel,76966,6448881207676203409,02/36
Hardy,Reinger,85400,56202663476328,04/23
Kurtis,Collier,19993,6370955535371276,05/57
Johnpaul,Luettgen,38408,3639739844691754,04/89
Lura,Schamberger,28355,373303795961868,12/19
Thurman,Koepp,63378,6062824779134167,09/12
Chester,Ledner,68848,6375990453558237,03/93
Stanton,Maggio,59959,62924644713216669,11/50
Jeremie,Mosciski,80858,62778125884904,07/38
Zola,Quitzon,62588,6062823798363245,01/81
Wanda,Padberg,92938,62770098380788,08/45
Selena,Botsford,13483,2230955464587602,11/95
Elza,Torphy,20165,6376128317153338,10/63
Urban,Mayert,98919,6504050519265535,03/00
Lauretta,Ledner,56489,6557300922767305605,04/55
Miller,Howell,23785,4169273793053077,11/43
Chesley,Ruecker,82080,4658264774727779,10/91
Leola,Dickens,10367,8164278389446648428,04/39
Danial,Veum,57800,81522427249110,09/69
Tressa,Borer,37139,6062828122601715,02/79
Mckayla,Satterfield,58887,4394321278007576,03/00
Elbert,Kassulke,93945,343719903074277,06/12
Adelle,Rath,18637,2294300207230900,05/66
Desiree,Shanahan,95852,627252837755172,02/36
Payton,Ferry,86296,349751573862958,07/19
Dejah,Bailey,14810,6062823197309344,08/08
Marlee,Weber,88798,370808927134245,06/48
Santos,Gleason,18740,376562115791811,01/49
Tommie,Kutch,28781,2221717502558503,07/49
Isai,Jerde,62821,3052207054175858,04/05
Destini,Wunsch,52833,6062825852675323,07/03
Deanna,Ferry,98833,630970504333958,07/17
Antonina,Kunze,61325,376762862184406,01/13
Fabian,Ankunding,74413,6507182965997316,03/11
Frederick,Frami,59637,62778116087855,11/98
Eudora,Kuvalis,25975,6442513628262564244,05/64
Baron,Bartoletti,63651,5161435207823099,08/10
Isaac,Goyette,37708,2706861410648685,05/00
Pearl,Harris,74030,621820683947865,08/87
Henriette,Anderson,37929,6062822656056172,08/12
Leilani,Senger,32363,375644871695658,07/75
Ramona,Ratke,82865,180028053561990539,09/94
Jasper,Stamm,75025,379269808343648,12/04
Corbin,Cole,18966,4477806630383335,02/65
Alfredo,Cronin,77279,35285424605884307,12/82
Rafael,Grimes,97304,50677993213499,03/10
Arvid,Lowe,64505,6062827627143066,10/07
Lucious,Hoppe,79904,6448022082812513,02/61
Verona,Shanahan,18258,21312071096175625,11/08
Diego,Barton,33092,506698693088,06/88
Drake,Feest,18396,6516529213156252,07/60
Brandi,Schamberger,45695,6550528205133144,08/61
Joanne,Schinner,76398,6542314403430766586,11/10
Norwood,Schmidt,59880,373852732829588,06/93
Baylee,Lynch,94175,6220954164622119,07/03
Myrtice,Bernhard,76249,4184074849407825,02/02
Ricky,Block,43668,349422192509061,03/23
Chauncey,Johns,78853,2229659006037349,12/18
Creola,Welch,73445,63653115563169139,08/67
Hillard,Goyette,55097,3528322668812113027,09/20
Kira,Huel,56534,36487409320246,01/86
Clare,Ritchie,62014,622999203992004246,11/58
Blair,Franecki,98338,379291751529098,12/66
Rashawn,Zieme,59782,2229917851639092,11/97
Wayne,Fay,82180,2600455807338534,02/33
Ericka,Prosacco,56425,6376129672650371,07/62
Aniya,Gislason,75329,6440100342457615158,04/84
Karl,Pfeffer,60565,3528980838758985,02/32
Barry,Turner,51058,5172261861983046,09/08
Jeanie,Kassulke,26016,6507180810147624,05/09
Edyth,Walker,19853,6062828755538879,09/03
Rosemary,Mitchell,67812,6062827250924782,12/68
Marianne,Fay,38168,6062821939405321,04/28
Roxane,Hagenes,37267,627214245509015411,02/23
Karlee,Okuneva,40649,6062829150442758,12/89
Philip,Sauer,55290,371548603207159,02/38
Mark,Denesik,68193,5089991191203689,10/06
Vinnie,Mante,51652,377042173624179,09/20
